<annotation>
	<folder>data</folder>
	<filename>FloorPlan1_physics_1.jpg</filename>
	<path>E:\vnenv-master\vnenv-master\thordata\data\FloorPlan1_physics_1.jpg</path>
	<source>
		<database>Unknown</database>
	</source>
	<size>
		<width>300</width>
		<height>300</height>
		<depth>3</depth>
	</size>
	<segmented>0</segmented>
	<object>
		<name>Book</name>
		<pose>Unspecified</pose>
		<truncated>0</truncated>
		<difficult>0</difficult>
		<bndbox>
			<xmin>128</xmin>
			<ymin>174</ymin>
			<xmax>188</xmax>
			<ymax>236</ymax>
		</bndbox>
	</object>
	<object>
		<name>DeskLamp</name>
		<pose>Unspecified</pose>
		<truncated>0</truncated>
		<difficult>0</difficult>
		<bndbox>
			<xmin>179</xmin>
			<ymin>2</ymin>
			<xmax>205</xmax>
			<ymax>123</ymax>
		</bndbox>
	</object>
</annotation>
