<annotation>
	<folder>data</folder>
	<filename>FloorPlan1_physics_0.jpg</filename>
	<path>E:/vnenv-master/vnenv-master/thordata/data/FloorPlan1_physics_0.jpg</path>
	<source>
		<database>Unknown</database>
	</source>
	<size>
		<width>300</width>
		<height>300</height>
		<depth>3</depth>
	</size>
	<segmented>0</segmented>
	<object>
		<name>Book</name>
		<pose>Unspecified</pose>
		<truncated>1</truncated>
		<difficult>0</difficult>
		<bndbox>
			<xmin>271</xmin>
			<ymin>176</ymin>
			<xmax>300</xmax>
			<ymax>235</ymax>
		</bndbox>
	</object>
	<object>
		<name>Fridge</name>
		<pose>Unspecified</pose>
		<truncated>0</truncated>
		<difficult>0</difficult>
		<bndbox>
			<xmin>27</xmin>
			<ymin>92</ymin>
			<xmax>110</xmax>
			<ymax>296</ymax>
		</bndbox>
	</object>
	<object>
		<name>Cabinet</name>
		<pose>Unspecified</pose>
		<truncated>1</truncated>
		<difficult>0</difficult>
		<bndbox>
			<xmin>17</xmin>
			<ymin>1</ymin>
			<xmax>105</xmax>
			<ymax>110</ymax>
		</bndbox>
	</object>
</annotation>
