subject,co_occurence,object
Shelf,1,KeyChain
Bed,1,Pillow
Bed,1,Laptop
Bed,1,CellPhone
Desk,1,CD
Desk,1,CreditCard
Desk,1,Book
Desk,1,Pencil
Desk,1,Pen
Dresser,1,AlarmClock
Dresser,1,DeskLamp
Laptop,1,Bed
CellPhone,1,Bed
DeskLamp,1,Dresser
TissueBox,1,Shelf
Book,1,Desk
CreditCard,1,Desk
Shelf,1,TissueBox
Shelf,1,Statue
Shelf,1,Watch
AlarmClock,1,Dresser
Statue,1,Shelf
Pencil,1,Desk
Pillow,1,Bed
KeyChain,1,Shelf
Watch,1,Shelf
CD,1,Desk
Pen,1,Desk
subject,co_occurence,object
Bed,1,TeddyBear
Bed,1,Pillow
NightStand,1,DeskLamp
Desk,1,CD
Desk,1,Laptop
Desk,1,Pencil
Desk,1,Pen
Desk,1,CellPhone
Desk,1,Book
Desk,1,CreditCard
Desk,1,KeyChain
NightStand,1,AlarmClock
CellPhone,1,Desk
Pencil,1,Desk
HousePlant,1,Shelf
Laptop,1,Desk
Shelf,1,HousePlant
Pen,1,Desk
TeddyBear,1,Bed
Pillow,1,Bed
KeyChain,1,Desk
DeskLamp,1,NightStand
AlarmClock,1,NightStand
CreditCard,1,Desk
Book,1,Desk
CD,1,Desk
subject,co_occurence,object
Shelf,1,Vase
Dresser,1,CD
Dresser,1,Book
Dresser,1,CellPhone
TableTop,1,KeyChain
TableTop,1,DeskLamp
TableTop,1,Laptop
TableTop,1,Pen
TableTop,1,Pencil
Bed,1,Pillow
NightStand,1,AlarmClock
NightStand,1,CreditCard
Pillow,1,Bed
Vase,1,Shelf
DeskLamp,1,TableTop
Book,1,Dresser
CreditCard,1,NightStand
Shelf,1,CD
KeyChain,1,TableTop
AlarmClock,1,NightStand
CellPhone,1,Dresser
Laptop,1,TableTop
CD,1,Dresser
CD,1,Shelf
Pen,1,TableTop
Pencil,1,TableTop
subject,co_occurence,object
Desk,1,CD
Desk,1,Pen
Desk,1,Book
Desk,1,CreditCard
Desk,1,Laptop
Desk,1,Pencil
Desk,1,CellPhone
Bed,1,Pillow
Book,1,Desk
Shelf,1,Statue
Shelf,1,DeskLamp
Shelf,1,KeyChain
Shelf,1,AlarmClock
Pen,1,Desk
Pencil,1,Desk
Laptop,1,Desk
Pillow,1,Bed
DeskLamp,1,Shelf
KeyChain,1,Shelf
CreditCard,1,Desk
Statue,1,Shelf
CellPhone,1,Desk
CD,1,Desk
AlarmClock,1,Shelf
subject,co_occurence,object
Desk,1,KeyChain
Desk,1,CreditCard
Desk,1,Laptop
Desk,1,Book
Dresser,1,DeskLamp
Dresser,1,CD
Dresser,1,Pencil
Dresser,1,Pen
Dresser,1,CellPhone
Bed,1,Pillow
Laptop,1,Desk
Book,1,Desk
CreditCard,1,Desk
DeskLamp,1,Dresser
Shelf,1,AlarmClock
KeyChain,1,Desk
CellPhone,1,Dresser
AlarmClock,1,Shelf
Pencil,1,Dresser
Pillow,1,Bed
CD,1,Dresser
Pen,1,Dresser
subject,co_occurence,object
Bed,1,TeddyBear
Bed,1,Pillow
Desk,1,DeskLamp
Desk,1,KeyChain
Desk,1,Book
Desk,1,Laptop
Desk,1,Pencil
Desk,1,Pen
Desk,1,CellPhone
DeskLamp,1,Desk
Shelf,1,CreditCard
Shelf,1,CD
Shelf,1,AlarmClock
Pen,1,Desk
AlarmClock,1,Shelf
TeddyBear,1,Bed
Pencil,1,Desk
Pillow,1,Bed
Laptop,1,Desk
KeyChain,1,Desk
CreditCard,1,Shelf
CellPhone,1,Desk
Book,1,Desk
CD,1,Shelf
subject,co_occurence,object
Desk,1,KeyChain
Desk,1,CreditCard
Desk,1,RemoteControl
Desk,1,Pen
Desk,1,Pencil
Desk,1,Laptop
Desk,1,DeskLamp
Desk,1,CD
Desk,1,CD
Desk,1,CellPhone
Desk,1,Book
Bed,1,Pillow
CellPhone,1,Desk
Pencil,1,Desk
DeskLamp,1,Desk
Laptop,1,Desk
AlarmClock,1,Shelf
Book,1,Desk
CreditCard,1,Desk
Shelf,1,AlarmClock
Shelf,1,CD
KeyChain,1,Desk
RemoteControl,1,Desk
Pillow,1,Bed
CD,1,Shelf
CD,1,Desk
CD,1,Desk
Pen,1,Desk
subject,co_occurence,object
Desk,1,DeskLamp
Desk,1,KeyChain
Desk,1,Laptop
Desk,1,CreditCard
Desk,1,Pen
Desk,1,CD
Desk,1,AlarmClock
Desk,1,Pencil
Desk,1,CellPhone
Desk,1,Book
Bed,1,Pillow
CellPhone,1,Desk
AlarmClock,1,Desk
Shelf,1,DeskLamp
Pen,1,Desk
Laptop,1,Desk
Pillow,1,Bed
KeyChain,1,Desk
CreditCard,1,Desk
DeskLamp,1,Desk
DeskLamp,1,Shelf
Book,1,Desk
CD,1,Desk
Pencil,1,Desk
subject,co_occurence,object
Bed,1,Pillow
Bed,1,CellPhone
Bed,1,Pillow
TableTop,1,DeskLamp
TableTop,1,KeyChain
TableTop,1,AlarmClock
Cabinet,1,Safe
Cabinet,1,HousePlant
AlarmClock,1,TableTop
Desk,1,Book
Desk,1,RemoteControl
Desk,1,HousePlant
Desk,1,Pen
Desk,1,Laptop
Pillow,1,Bed
Pillow,1,Bed
Book,1,Desk
KeyChain,1,TableTop
Laptop,1,Desk
CellPhone,1,Bed
HousePlant,1,Cabinet
HousePlant,1,Desk
DeskLamp,1,TableTop
RemoteControl,1,Desk
Pen,1,Desk
Safe,1,Cabinet
subject,co_occurence,object
Bed,1,Pillow
NightStand,1,AlarmClock
NightStand,1,KeyChain
Desk,1,Pencil
Desk,1,CD
Desk,1,Laptop
Desk,1,CreditCard
Desk,1,CellPhone
Desk,1,Book
Desk,1,Pen
Desk,1,Box
Desk,1,Lamp
Pillow,1,Bed
AlarmClock,1,NightStand
Pen,1,Desk
Laptop,1,Desk
Pencil,1,Desk
KeyChain,1,NightStand
CreditCard,1,Desk
Box,1,Desk
CellPhone,1,Desk
Book,1,Desk
CD,1,Desk
Lamp,1,Desk
subject,co_occurence,object
Dresser,1,Television
Dresser,1,CellPhone
Dresser,1,RemoteControl
TableTop,1,CD
TableTop,1,KeyChain
TableTop,1,Book
TableTop,1,Pencil
TableTop,1,CreditCard
TableTop,1,Laptop
TableTop,1,Pen
TableTop,1,Lamp
Bed,1,Pillow
Bed,1,Pillow
TableTop,1,AlarmClock
TableTop,1,Lamp
AlarmClock,1,TableTop
Television,1,Dresser
CreditCard,1,TableTop
KeyChain,1,TableTop
RemoteControl,1,Dresser
Laptop,1,TableTop
CellPhone,1,Dresser
Pencil,1,TableTop
Lamp,1,TableTop
Lamp,1,TableTop
Pillow,1,Bed
Pillow,1,Bed
Book,1,TableTop
CD,1,TableTop
Pen,1,TableTop
subject,co_occurence,object
NightStand,1,CD
NightStand,1,Lamp
NightStand,1,AlarmClock
Bed,1,Laptop
Bed,1,Pillow
Desk,1,KeyChain
Desk,1,Pen
Desk,1,Pencil
Pencil,1,Desk
Laptop,1,Bed
Lamp,1,NightStand
Shelf,1,CellPhone
Shelf,1,Book
Pen,1,Desk
KeyChain,1,Desk
CellPhone,1,Shelf
Book,1,Shelf
CD,1,NightStand
AlarmClock,1,NightStand
Pillow,1,Bed
subject,co_occurence,object
Desk,1,Lamp
Desk,1,KeyChain
Desk,1,Book
Desk,1,Pen
Desk,1,CD
Desk,1,TissueBox
Desk,1,Laptop
Desk,1,CellPhone
Desk,1,Pencil
NightStand,1,AlarmClock
NightStand,1,CreditCard
Bed,1,TeddyBear
Bed,1,Pillow
AlarmClock,1,NightStand
CellPhone,1,Desk
TissueBox,1,Desk
TeddyBear,1,Bed
Book,1,Desk
CreditCard,1,NightStand
Shelf,1,HousePlant
Shelf,1,Box
KeyChain,1,Desk
Pillow,1,Bed
Lamp,1,Desk
Laptop,1,Desk
Box,1,Shelf
CD,1,Desk
Pen,1,Desk
HousePlant,1,Shelf
Pencil,1,Desk
subject,co_occurence,object
Dresser,1,AlarmClock
Dresser,1,Book
Dresser,1,KeyChain
Desk,1,CellPhone
Desk,1,DeskLamp
Desk,1,Pencil
Desk,1,CD
Desk,1,Pen
Desk,1,CreditCard
Desk,1,Laptop
Bed,1,Pillow
CellPhone,1,Desk
DeskLamp,1,Desk
Pen,1,Desk
Pillow,1,Bed
Pencil,1,Desk
KeyChain,1,Dresser
CreditCard,1,Desk
AlarmClock,1,Dresser
Book,1,Dresser
CD,1,Desk
Laptop,1,Desk
subject,co_occurence,object
TableTop,1,CreditCard
TableTop,1,DeskLamp
TableTop,1,KeyChain
TableTop,1,CD
TableTop,1,Laptop
TableTop,1,Pen
TableTop,1,Pencil
Dresser,1,AlarmClock
Dresser,1,Book
Dresser,1,CellPhone
Bed,1,TeddyBear
Bed,1,Pillow
Laptop,1,TableTop
Book,1,Dresser
CreditCard,1,TableTop
AlarmClock,1,Dresser
KeyChain,1,TableTop
TeddyBear,1,Bed
CellPhone,1,Dresser
Pencil,1,TableTop
Pillow,1,Bed
DeskLamp,1,TableTop
CD,1,TableTop
Pen,1,TableTop
subject,co_occurence,object
NightStand,1,CD
NightStand,1,AlarmClock
Bed,1,Pillow
Blinds,1,Desk
Desk,1,Laptop
Desk,1,CreditCard
Desk,1,DeskLamp
Desk,1,CellPhone
Desk,1,HousePlant
Desk,1,Blinds
Desk,1,Window
Desk,1,KeyChain
Desk,1,Pen
Desk,1,Pencil
Desk,1,Book
Pen,1,Desk
Pencil,1,Desk
DeskLamp,1,Desk
KeyChain,1,Desk
Pillow,1,Bed
CreditCard,1,Desk
CellPhone,1,Desk
Laptop,1,Desk
Book,1,Desk
CD,1,NightStand
HousePlant,1,Desk
AlarmClock,1,NightStand
Window,1,Desk
subject,co_occurence,object
Bed,1,Pillow
Bed,1,Pillow
NightStand,1,DeskLamp
NightStand,1,KeyChain
NightStand,1,AlarmClock
Dresser,1,CD
Dresser,1,Pen
Dresser,1,CellPhone
Dresser,1,Laptop
Dresser,1,Pencil
Dresser,1,Book
Dresser,1,CreditCard
Pencil,1,Dresser
AlarmClock,1,NightStand
Book,1,Dresser
CreditCard,1,Dresser
DeskLamp,1,NightStand
KeyChain,1,NightStand
Pillow,1,Bed
Pillow,1,Bed
CellPhone,1,Dresser
Laptop,1,Dresser
CD,1,Dresser
Pen,1,Dresser
subject,co_occurence,object
Bed,1,Pillow
Bed,1,Pillow
Desk,1,CD
Desk,1,Pen
Desk,1,CreditCard
Dresser,1,Pencil
Dresser,1,CellPhone
Dresser,1,AlarmClock
Desk,1,KeyChain
Desk,1,DeskLamp
Desk,1,Book
Desk,1,Laptop
DeskLamp,1,Desk
Pen,1,Desk
AlarmClock,1,Dresser
Pillow,1,Bed
Pillow,1,Bed
KeyChain,1,Desk
CreditCard,1,Desk
CellPhone,1,Dresser
Book,1,Desk
CD,1,Desk
Pencil,1,Dresser
Laptop,1,Desk
subject,co_occurence,object
Dresser,1,DeskLamp
Dresser,1,CD
Dresser,1,CellPhone
Dresser,1,Book
Box,1,Shelf
Bed,1,Pillow
Bed,1,Pillow
Bed,1,Laptop
Box,1,Shelf
CellPhone,1,Dresser
Pillow,1,Bed
Pillow,1,Bed
Book,1,Dresser
CreditCard,1,Shelf
Shelf,1,KeyChain
Shelf,1,HousePlant
Shelf,1,CreditCard
Shelf,1,Pencil
Shelf,1,Pen
Shelf,1,Box
Shelf,1,Box
Shelf,1,AlarmClock
KeyChain,1,Shelf
Pencil,1,Shelf
AlarmClock,1,Shelf
HousePlant,1,Shelf
Laptop,1,Bed
DeskLamp,1,Dresser
CD,1,Dresser
Pen,1,Shelf
subject,co_occurence,object
TableTop,1,Pen
TableTop,1,CD
TableTop,1,Pencil
TableTop,1,CellPhone
Bed,1,TeddyBear
Bed,1,Pillow
Desk,1,Book
Desk,1,Laptop
CellPhone,1,TableTop
AlarmClock,1,Shelf
TeddyBear,1,Bed
Shelf,1,AlarmClock
Shelf,1,CreditCard
Shelf,1,DeskLamp
Shelf,1,KeyChain
Pen,1,TableTop
Pencil,1,TableTop
KeyChain,1,Shelf
DeskLamp,1,Shelf
CreditCard,1,Shelf
Laptop,1,Desk
Pillow,1,Bed
Book,1,Desk
CD,1,TableTop
subject,co_occurence,object
Bed,1,Pillow
Bed,1,Pillow
TableTop,1,Book
TableTop,1,CD
TableTop,1,CellPhone
TableTop,1,CreditCard
TableTop,1,Laptop
TableTop,1,Pen
TableTop,1,Lamp
TableTop,1,Pencil
KeyChain,1,NightStand
Pillow,1,Bed
Pillow,1,Bed
CreditCard,1,TableTop
Pen,1,TableTop
Pencil,1,TableTop
NightStand,1,AlarmClock
NightStand,1,KeyChain
NightStand,1,Lamp
NightStand,1,TissueBox
TissueBox,1,NightStand
Laptop,1,TableTop
Book,1,TableTop
CellPhone,1,TableTop
Lamp,1,TableTop
Lamp,1,NightStand
AlarmClock,1,NightStand
CD,1,TableTop
subject,co_occurence,object
NightStand,1,Lamp
NightStand,1,AlarmClock
NightStand,1,Lamp
NightStand,1,KeyChain
Dresser,1,Pen
Dresser,1,Laptop
Dresser,1,Book
Dresser,1,CD
Dresser,1,CreditCard
Dresser,1,CellPhone
Dresser,1,Pencil
Bed,1,Pillow
Bed,1,Pillow
KeyChain,1,NightStand
Laptop,1,Dresser
CreditCard,1,Dresser
Pen,1,Dresser
Pencil,1,Dresser
AlarmClock,1,NightStand
Book,1,Dresser
CellPhone,1,Dresser
Pillow,1,Bed
Pillow,1,Bed
Lamp,1,NightStand
Lamp,1,NightStand
CD,1,Dresser
subject,co_occurence,object
NightStand,1,AlarmClock
NightStand,1,CD
Desk,1,Book
Desk,1,DeskLamp
Desk,1,KeyChain
Desk,1,CreditCard
Bed,1,TeddyBear
Bed,1,Laptop
Bed,1,Pillow
Bed,1,Pillow
NightStand,1,CellPhone
NightStand,1,DeskLamp
Dresser,1,Safe
Dresser,1,Pen
Dresser,1,Pencil
CreditCard,1,Desk
Pen,1,Dresser
DeskLamp,1,Desk
Pencil,1,Dresser
DeskLamp,1,NightStand
TeddyBear,1,Bed
Book,1,Desk
Laptop,1,Bed
CellPhone,1,NightStand
AlarmClock,1,NightStand
KeyChain,1,Desk
Pillow,1,Bed
Pillow,1,Bed
CD,1,NightStand
Safe,1,Dresser
subject,co_occurence,object
Bed,1,Pillow
Bed,1,Book
Bed,1,Pillow
Dresser,1,DeskLamp
Dresser,1,CreditCard
Dresser,1,Laptop
Dresser,1,KeyChain
Dresser,1,Pencil
Dresser,1,Pen
KeyChain,1,Dresser
AlarmClock,1,Shelf
CreditCard,1,Dresser
Laptop,1,Dresser
Pen,1,Dresser
DeskLamp,1,Dresser
Pencil,1,Dresser
Book,1,Bed
Shelf,1,AlarmClock
Shelf,1,CD
Shelf,1,CellPhone
CellPhone,1,Shelf
Pillow,1,Bed
Pillow,1,Bed
CD,1,Shelf
subject,co_occurence,object
NightStand,1,AlarmClock
NightStand,1,KeyChain
NightStand,1,Lamp
Drawer,1,Book
Drawer,1,Pencil
Drawer,1,CreditCard
Dresser,1,Pen
Dresser,1,CD
Dresser,1,Laptop
Dresser,1,CellPhone
Bed,1,Pillow
Bed,1,Pillow
KeyChain,1,NightStand
CreditCard,1,Drawer
Pen,1,Dresser
Pencil,1,Drawer
Laptop,1,Dresser
Book,1,Drawer
Shelf,1,Vase
Shelf,1,Vase
CellPhone,1,Dresser
Vase,1,Shelf
AlarmClock,1,NightStand
Pillow,1,Bed
Pillow,1,Bed
CD,1,Dresser
Vase,1,Shelf
Lamp,1,NightStand
subject,co_occurence,object
Bed,1,Pillow
TableTop,1,Pen
TableTop,1,Watch
TableTop,1,Book
TableTop,1,Laptop
TableTop,1,CD
TableTop,1,Lamp
TableTop,1,CellPhone
TableTop,1,Pencil
TableTop,1,CreditCard
Bed,1,Pillow
Bed,1,TeddyBear
NightStand,1,AlarmClock
NightStand,1,KeyChain
Laptop,1,TableTop
KeyChain,1,NightStand
Pillow,1,Bed
Pillow,1,Bed
Book,1,TableTop
Pencil,1,TableTop
CreditCard,1,TableTop
TeddyBear,1,Bed
Pen,1,TableTop
Lamp,1,TableTop
AlarmClock,1,NightStand
Watch,1,TableTop
CellPhone,1,TableTop
CD,1,TableTop
subject,co_occurence,object
Desk,1,Window
Desk,1,Book
Desk,1,Laptop
Desk,1,CellPhone
Desk,1,Window
Desk,1,Pen
Desk,1,Pencil
Dresser,1,DeskLamp
Dresser,1,KeyChain
Dresser,1,AlarmClock
Dresser,1,CreditCard
Shelf,1,CD
Bed,1,Pillow
KeyChain,1,Dresser
Book,1,Desk
Pencil,1,Desk
CreditCard,1,Dresser
Laptop,1,Desk
Pillow,1,Bed
Pen,1,Desk
DeskLamp,1,Dresser
AlarmClock,1,Dresser
CellPhone,1,Desk
CD,1,Shelf
Window,1,Desk
Window,1,Desk
subject,co_occurence,object
Desk,1,Pen
Desk,1,KeyChain
Desk,1,DeskLamp
Desk,1,CD
Desk,1,Pencil
Desk,1,Book
Desk,1,Laptop
Desk,1,CreditCard
NightStand,1,AlarmClock
NightStand,1,CellPhone
Bed,1,TeddyBear
Bed,1,Pillow
KeyChain,1,Desk
TissueBox,1,Shelf
TeddyBear,1,Bed
DeskLamp,1,Desk
Book,1,Desk
Shelf,1,TissueBox
Pencil,1,Desk
CreditCard,1,Desk
Laptop,1,Desk
AlarmClock,1,NightStand
Pen,1,Desk
Pillow,1,Bed
CellPhone,1,NightStand
CD,1,Desk
subject,co_occurence,object
Bed,1,Pillow
TableTop,1,KeyChain
TableTop,1,Pen
TableTop,1,Book
TableTop,1,Pencil
TableTop,1,Laptop
TableTop,1,CreditCard
NightStand,1,AlarmClock
NightStand,1,CellPhone
NightStand,1,CD
NightStand,1,Lamp
KeyChain,1,TableTop
Pillow,1,Bed
Book,1,TableTop
Pencil,1,TableTop
CreditCard,1,TableTop
Pen,1,TableTop
Lamp,1,NightStand
Laptop,1,TableTop
CellPhone,1,NightStand
AlarmClock,1,NightStand
CD,1,NightStand
subject,co_occurence,object
NightStand,1,Lamp
NightStand,1,KeyChain
NightStand,1,CreditCard
Bed,1,Pillow
Bed,1,Pillow
NightStand,1,Lamp
NightStand,1,AlarmClock
Dresser,1,HousePlant
Dresser,1,Mirror
Dresser,1,CD
Dresser,1,Statue
Dresser,1,CellPhone
Dresser,1,Pencil
Dresser,1,Laptop
Dresser,1,Pen
KeyChain,1,NightStand
AlarmClock,1,NightStand
Pillow,1,Bed
Pillow,1,Bed
Vase,1,Shelf
HousePlant,1,Dresser
Laptop,1,Dresser
Book,1,Shelf
Vase,1,Shelf
Shelf,1,Book
Shelf,1,Vase
Shelf,1,Vase
Pencil,1,Dresser
CreditCard,1,NightStand
Statue,1,Dresser
Pen,1,Dresser
Mirror,1,Dresser
CellPhone,1,Dresser
CD,1,Dresser
Lamp,1,NightStand
Lamp,1,NightStand
